instance,QPSO,"PSO(same infra, tuned)",QPSO-Basic(first pass),GA+LS(memetic),GA(plain),ACO,TunedLS(HGS-inspired),"OR-Tools(GLS,5s)"
Delhi-9am-s7,5438 (+-21),5450 (+-18),7937 (+-511),5451 (+-0),6169 (+-112),5979 (+-73),7069 (+-0),5417 (+-0)
Delhi-6pm-s11,10704 (+-707),10821 (+-656),15540 (+-2002),10386 (+-806),12173 (+-639),11433 (+-428),14552 (+-0),9785 (+-0)
C1-synthetic,38985 (+-1216),37774 (+-615),76671 (+-17249),32405 (+-2576),38011 (+-3629),60614 (+-11087),37347 (+-0),29814 (+-0)
C2-synthetic,53211 (+-417),58448 (+-4479),139738 (+-11683),53429 (+-1782),62903 (+-2201),82466 (+-7880),118486 (+-0),52041 (+-0)
R1-synthetic,72137 (+-2964),77040 (+-3249),153913 (+-15061),70020 (+-1116),77873 (+-4364),116527 (+-5245),101949 (+-0),68985 (+-0)
R2-synthetic,79871 (+-2035),85842 (+-6787),180100 (+-20429),79398 (+-1815),94842 (+-2225),153735 (+-8575),97818 (+-0),76244 (+-0)
RC1-synthetic,68329 (+-4380),69013 (+-1524),146026 (+-15228),65632 (+-2723),81264 (+-4620),108493 (+-4444),84374 (+-0),60911 (+-0)
RC2-synthetic,69544 (+-1755),70106 (+-1970),154602 (+-22501),68464 (+-1191),80275 (+-2932),120102 (+-4286),95148 (+-0),64913 (+-0)
MEAN GAP TO BEST %,8.9,12.0,121.0,4.6,22.6,65.3,49.2,0.0
MEAN TIME PER RUN (s),3.8,4.0,0.1,1.5,0.6,0.7,0.0,5.0
